{
  "F2_0001.0001_X_F2_0002.0059": {
    "ind1": ["F2_0001.0001"],
    "ind2": ["F2_0002.0059"],
    "blup_exp": {
      "trait1": [13.5700008839018]
    },
    "blup_var": {
      "trait1": [6.83887458565965]
    },
    "cov": [
      {
        "trait1": 6.83887458565965,
        "_row": "trait1"
      }
    ]
  },
  "F2_0001.0009_X_F4_0001.0147": {
    "ind1": ["F2_0001.0009"],
    "ind2": ["F4_0001.0147"],
    "blup_exp": {
      "trait1": [15.83360693974]
    },
    "blup_var": {
      "trait1": [3.83111267147899]
    },
    "cov": [
      {
        "trait1": 3.83111267147899,
        "_row": "trait1"
      }
    ]
  },
  "F4_0001.0092_X_F4_0001.0185": {
    "ind1": ["F4_0001.0092"],
    "ind2": ["F4_0001.0185"],
    "blup_exp": {
      "trait1": [16.9797645353998]
    },
    "blup_var": {
      "trait1": [7.5105130018892]
    },
    "cov": [
      {
        "trait1": 7.5105130018892,
        "_row": "trait1"
      }
    ]
  },
  "Coll0659_X_F2_0001.0053": {
    "ind1": ["Coll0659"],
    "ind2": ["F2_0001.0053"],
    "blup_exp": {
      "trait1": [20.0826511945238]
    },
    "blup_var": {
      "trait1": [2.08803085126026]
    },
    "cov": [
      {
        "trait1": 2.08803085126026,
        "_row": "trait1"
      }
    ]
  },
  "F1_0004.0001_X_F4_0001.0049": {
    "ind1": ["F1_0004.0001"],
    "ind2": ["F4_0001.0049"],
    "blup_exp": {
      "trait1": [21.7533622958001]
    },
    "blup_var": {
      "trait1": [10.1776922318432]
    },
    "cov": [
      {
        "trait1": 10.1776922318432,
        "_row": "trait1"
      }
    ]
  },
  "F3_0001.0080_X_F4_0001.0274": {
    "ind1": ["F3_0001.0080"],
    "ind2": ["F4_0001.0274"],
    "blup_exp": {
      "trait1": [16.2019490196169]
    },
    "blup_var": {
      "trait1": [7.65607140358032]
    },
    "cov": [
      {
        "trait1": 7.65607140358032,
        "_row": "trait1"
      }
    ]
  },
  "Coll0659_X_Coll0425": {
    "ind1": ["Coll0659"],
    "ind2": ["Coll0425"],
    "blup_exp": {
      "trait1": [25.0425934492885]
    },
    "blup_var": {
      "trait1": [0]
    },
    "cov": [
      {
        "trait1": 0,
        "_row": "trait1"
      }
    ]
  },
  "F3_0002.0035_X_F4_0001.0280": {
    "ind1": ["F3_0002.0035"],
    "ind2": ["F4_0001.0280"],
    "blup_exp": {
      "trait1": [24.4902479892608]
    },
    "blup_var": {
      "trait1": [5.07783465689875]
    },
    "cov": [
      {
        "trait1": 5.07783465689875,
        "_row": "trait1"
      }
    ]
  },
  "F4_0001.0006_X_F3_0002.0097": {
    "ind1": ["F4_0001.0006"],
    "ind2": ["F3_0002.0097"],
    "blup_exp": {
      "trait1": [16.4154123434803]
    },
    "blup_var": {
      "trait1": [6.14287948195909]
    },
    "cov": [
      {
        "trait1": 6.14287948195909,
        "_row": "trait1"
      }
    ]
  },
  "F4_0001.0103_X_F4_0001.0114": {
    "ind1": ["F4_0001.0103"],
    "ind2": ["F4_0001.0114"],
    "blup_exp": {
      "trait1": [18.8159228652986]
    },
    "blup_var": {
      "trait1": [8.63773779657529]
    },
    "cov": [
      {
        "trait1": 8.63773779657529,
        "_row": "trait1"
      }
    ]
  }
}
